,City,Country,Date,Max Temp,Lat,Lng,Humidity,Cloudiness,Wind Speed
0,Ruteng,ID,1547940484,76.25,-8.61,120.46,93,8,3.51
1,Lebu,ET,1547940217,37.68,8.96,38.73,81,0,2.51
2,Kresttsy,RU,1547940488,22.79,58.25,32.52,89,88,15.59
3,Ushuaia,AR,1547938800,50,-54.81,-68.31,61,40,34.45
4,Selkirk,CA,1547938800,-14.81,50.15,-96.88,62,40,4.7
5,Upernavik,GL,1547940495,-8.13,72.79,-56.15,100,24,8.21
6,Luganville,VU,1547940497,82.5,-15.51,167.18,100,68,11.79
7,Busselton,AU,1547940330,74.94,-33.64,115.35,82,0,6.2
8,Saldanha,PT,1547940229,44.16,41.42,-6.55,96,100,7.09
9,Saint George,GR,1547938200,44.6,39.45,22.34,87,75,2.95
10,East London,ZA,1547940506,64.77,-33.02,27.91,100,92,14.14
11,Klaksvik,FO,1547938200,41,62.23,-6.59,80,56,17.22
12,Georgetown,GY,1547938800,80.6,6.8,-58.16,83,75,11.41
13,Kavieng,PG,1547940513,78.05,-2.57,150.8,100,100,10
14,Kapaa,US,1547938560,78.98,22.08,-159.32,64,20,16.11
17,Castro,CL,1547938800,68,-42.48,-73.76,64,0,5.82
18,Kodiak,US,1547938500,14,39.95,-94.76,73,1,13.87
19,Port Hardy,CA,1547938800,44.6,50.7,-127.42,81,75,3.36
20,Alofi,NU,1547938800,84.2,-19.06,-169.92,83,48,10.29
21,New Norfolk,AU,1547938800,71.6,-42.78,147.06,43,75,10.29
22,Dingle,PH,1547940648,73.14,11,122.67,99,92,9.1
23,Avarua,CK,1547938800,82.4,-21.21,-159.78,78,75,8.05
24,Axim,GH,1547940653,82.19,4.87,-2.24,100,20,5.75
25,Slave Lake,CA,1547939820,6.8,55.28,-114.77,84,90,17.22
26,Hermanus,ZA,1547940188,48.35,-34.42,19.24,92,0,5.19
28,Wellington,NZ,1547938800,73.4,-41.29,174.78,35,0,14.99
29,Tevaitoa,PF,1547940664,84.12,-16.78,-151.5,98,80,13.13
30,Necochea,AR,1547940666,67.38,-38.55,-58.74,73,0,12.01
31,Cayenne,GF,1547938800,78.8,4.94,-52.33,83,75,8.05
32,Punta Arenas,CL,1547938800,55.4,-53.16,-70.91,37,0,27.51
33,Bambous Virieux,MU,1547938800,77,-20.34,57.76,94,75,3.36
34,Bethel,US,1547938800,14,60.79,-161.76,80,90,5.82
35,Timbuktu,ML,1547940678,54.24,16.77,-3.01,31,0,10.11
36,Kaitangata,NZ,1547940680,62.25,-46.28,169.85,62,0,28.68
37,Amparafaravola,MG,1547940682,67.07,-17.68,48.22,96,56,2.73
38,Rikitea,PF,1547940310,79.94,-23.12,-134.97,100,64,10.67
39,Pangnirtung,CA,1547940687,-34.23,66.15,-65.72,61,12,3.51
40,Yellowknife,CA,1547938800,-11.21,62.45,-114.38,76,75,18.34
41,Butaritari,KI,1547940691,83.72,3.07,172.79,100,44,12.57
42,Ribeira Grande,PT,1547940693,61.35,38.52,-28.7,100,100,3.96
43,Cocoa Beach,US,1547938560,75.02,28.32,-80.61,86,1,12.75
44,Hilo,US,1547934780,78.08,19.71,-155.08,66,1,5.82
45,Khatanga,RU,1547940700,-9.71,71.98,102.47,68,64,10.11
46,Santiago de Chuco,PE,1547940703,56.54,-8.15,-78.17,55,44,0.94
48,Tazovskiy,RU,1547940707,5.55,67.47,78.7,83,76,15.26
50,Airai,TL,1547940711,75.44,-8.93,125.41,87,32,1.5
51,Camacha,PT,1547937000,62.6,33.08,-16.33,72,75,13.87
52,Palana,RU,1547940716,24.05,59.08,159.95,93,80,9.44
54,Vaini,IN,1547940720,58.47,15.34,74.49,82,0,2.51
55,Bamnet Narong,TH,1547940722,67.79,15.5,101.69,76,0,3.96
56,Harboore,DK,1547938200,30.2,56.62,8.18,92,80,1.12
57,Batemans Bay,AU,1547940319,73.5,-35.71,150.18,82,0,3.96
58,Mataura,NZ,1547940729,62.16,-46.19,168.86,66,80,26.66
59,Zhigansk,RU,1547940731,-26.94,66.77,123.37,42,56,11.45
60,Dondo,MZ,1547940733,78.36,-19.62,34.74,92,68,16.26
61,Tiksi,RU,1547940736,-46.83,71.64,128.87,0,32,2.62
62,Cidreira,BR,1547940738,69.72,-30.17,-50.22,96,100,13.69
63,Vardo,US,1547940180,35.6,39.62,-77.74,100,90,4.7
64,Narsaq,GL,1547938200,17.6,60.91,-46.05,85,76,10.78
65,Puerto Ayora,EC,1547938800,80.6,-0.74,-90.35,78,75,12.75
66,Lata,IN,1547940747,29.27,30.78,78.62,74,12,2.17
67,Pevek,RU,1547940749,-21.27,69.7,170.27,100,44,6.64
68,Bredasdorp,ZA,1547938800,53.6,-34.53,20.04,66,0,2.24
69,Saint-Louis,CH,1547938800,28.4,47.59,7.56,92,56,2.24
70,Raton,US,1547938440,48.02,36.9,-104.44,17,1,4.7
73,Ust-Ishim,RU,1547940763,6.32,57.69,71.17,80,56,5.41
74,Okato,NZ,1547940765,66.75,-39.19,173.88,90,0,15.26
75,Manzil Salim,TN,1547938800,41,35.86,8.48,80,75,2.24
76,Cocobeach,GA,1547938800,82.4,1.01,9.58,83,40,9.17
77,Saint-Philippe,CA,1547938800,-7.61,45.36,-73.48,69,90,12.75
78,Cape Town,ZA,1547938800,60.8,-33.93,18.42,59,0,21.92
79,Bluff,AU,1547940776,83.31,-23.58,149.07,54,0,9.66
80,Hobart,AU,1547938800,71.6,-42.88,147.33,43,75,10.29
81,Padang,ID,1547940780,77.73,-0.92,100.36,100,76,5.19
83,Dalbandin,PK,1547940785,52.8,28.9,64.41,91,0,11.01
85,Roald,NO,1547938200,30.2,62.58,6.12,86,75,5.82
86,Yar-Sale,RU,1547940792,1.68,66.83,70.83,89,20,10.45
87,Sabang,PH,1547940794,76.79,13.72,123.58,96,92,15.7
88,Walvis Bay,NA,1547938800,62.6,-22.95,14.51,82,0,9.17
89,Byron Bay,AU,1547938800,84.2,-28.65,153.62,69,90,4.7
90,Labuhan,ID,1547940801,76.25,-2.54,115.51,94,76,2.51
91,Cabo San Lucas,MX,1547937900,82.4,22.89,-109.91,34,5,6.93
93,Hobyo,SO,1547940807,74.04,5.35,48.53,89,0,15.03
94,Baykit,RU,1547940809,11.72,61.68,96.39,71,44,9.78
95,Les Cayes,HT,1547940811,79.22,18.19,-73.75,98,76,16.26
96,Yenagoa,NG,1547940814,75.8,4.92,6.26,92,0,6.2
97,Nikolskoye,RU,1547938800,23,59.7,30.79,92,90,11.18
98,Namibe,AO,1547940818,74.94,-15.19,12.15,100,20,5.41
99,Nogata,JP,1547938800,53.6,33.76,130.74,66,75,23.04
100,Taoudenni,ML,1547940196,40.25,22.68,-3.98,36,0,3.62
101,Albany,US,1547938440,26.06,42.65,-73.75,84,90,5.82
102,Port Alfred,ZA,1547940827,63.29,-33.59,26.89,97,68,8.43
103,Mae Sai,MM,1547938800,62.6,20.44,99.89,100,92,1.61
104,Cabedelo,BR,1547938800,78.8,-6.97,-34.84,83,0,9.17
107,Sayyan,YE,1547940838,36.65,15.17,44.32,72,0,2.06
108,Shetpe,KZ,1547940840,31.07,44.14,52.16,95,76,7.76
109,Ahipara,NZ,1547940842,73.14,-35.17,173.16,78,80,10
111,Jaciara,BR,1547940847,76.97,-15.95,-54.98,86,80,4.52
112,Turukhansk,RU,1547940849,5.42,65.8,87.96,83,48,13.13
113,Chokurdakh,RU,1547940851,-41.88,70.62,147.9,0,12,2.73
114,Jamestown,AU,1547940853,63.51,-33.21,138.6,77,92,6.42
117,Guerrero Negro,MX,1547940860,77.42,27.97,-114.04,31,0,8.66
118,Lancaster,US,1547940480,33.98,40.04,-76.31,81,90,8.05
119,Beringovskiy,RU,1547940865,2.27,63.05,179.32,100,92,6.64
120,Dikson,RU,1547940175,8.7,73.51,80.55,100,64,9.1
121,Kochubey,RU,1547940869,26.12,44.39,46.54,83,32,5.53
123,Caravelas,BR,1547940873,81.06,-17.73,-39.27,100,0,17.83
124,Atuona,PF,1547940189,78.9,-9.8,-139.03,100,92,16.6
125,Westport,IE,1547940878,40.7,53.8,-9.52,100,44,3.4
126,Kruisfontein,ZA,1547940880,59.87,-34,24.73,89,0,7.2
128,Verkhnyaya Toyma,RU,1547940885,13.7,62.24,45,85,64,3.18
129,Suba,CN,1547940887,34.98,28.73,103.51,97,88,2.17
130,Trairi,BR,1547940666,80.12,-3.28,-39.27,100,64,7.2
131,Saint-Augustin,FR,1547938800,42.8,44.83,-0.61,100,75,6.93
132,Jiayuguan,CN,1547940894,4.74,39.77,98.29,74,68,2.62
133,Kamyshevatskaya,RU,1547940896,27.29,46.41,37.96,100,20,14.14
134,San Carlos de Bariloche,AR,1547938800,80.6,-41.13,-71.31,22,0,19.46
135,Ixtapa,MX,1547937840,78.8,20.71,-105.21,78,40,11.41
136,Thompson,CA,1547938800,-25.61,55.74,-97.86,67,5,4.7
137,Chapais,CA,1547938800,-29.21,49.78,-74.86,73,1,2.24
138,Havelock,US,1547940360,55.4,34.88,-76.9,100,90,4.7
139,Dongsheng,CN,1547940910,34.4,29.72,112.52,92,56,9.22
140,Port-Gentil,GA,1547938800,80.6,-0.72,8.78,88,20,6.93
141,Kloulklubed,PW,1547938200,82.4,7.04,134.26,83,75,10.29
142,Lichinga,MZ,1547940916,66.84,-13.3,35.25,89,76,2.73
143,Manokwari,ID,1547940919,82.23,-0.87,134.08,99,12,4.97
145,Katsuura,JP,1547938800,42.8,33.93,134.5,81,75,5.82
146,Arraial do Cabo,BR,1547940925,79.67,-22.97,-42.02,87,36,21.07
148,Rorvik,NO,1547940930,34.49,64.86,11.24,100,88,15.7
149,Longyearbyen,NO,1547938200,-4.01,78.22,15.63,76,20,8.05
150,Mahebourg,MU,1547938800,77,-20.41,57.7,94,75,3.36
151,Hamilton,BM,1547938500,62.6,32.3,-64.78,77,75,2.24
152,Constitucion,MX,1547937720,62.6,23.99,-104.67,20,40,9.17
153,Sivani,IN,1547940941,41.55,22.09,79.55,75,0,2.73
154,Port Elizabeth,US,1547938560,42.98,39.31,-74.98,79,90,8.05
155,Taywarah,AF,1547940945,30.3,33.35,64.42,85,88,6.64
156,Zasheyek,RU,1547940948,-3.41,67.41,32.55,74,48,2.17
157,Smithers,CA,1547938800,30.2,54.78,-127.17,86,75,4.7
158,Gagra,GE,1547938800,42.8,43.29,40.27,70,90,8.95
159,Savannah Bight,HN,1547938800,80.6,16.45,-85.85,74,20,3.36
160,Santa Maria,BR,1547935200,68,-29.69,-53.81,100,90,4.7
161,Saskylakh,RU,1547940959,-23.07,71.97,114.09,67,68,12.46
162,Torbay,CA,1547938800,23,47.66,-52.73,73,5,10.29
163,Aklavik,CA,1547938800,-4.01,68.22,-135.01,76,90,3.36
164,Katobu,ID,1547940966,81.51,-4.94,122.53,100,80,3.18
165,Provideniya,RU,1547940968,14.69,64.42,-173.23,100,76,3.18
166,Jiehu,CN,1547940970,16.94,35.54,118.45,66,0,4.74
167,Pastavy,BY,1547940973,24.63,55.11,26.84,89,80,19.17
168,Chifeng,CN,1547940975,4.56,42.27,118.96,32,0,5.19
169,Qaanaaq,GL,1547940977,-25.91,77.48,-69.36,100,0,10.45
172,Keningau,MY,1547938800,77,5.33,116.16,88,75,2.24
173,Fortuna,ES,1547938800,48.2,38.18,-1.13,87,75,2.24
174,Kulhudhuffushi,MV,1547940988,79.35,6.62,73.07,100,0,3.18
175,Bahia Blanca,AR,1547940945,81.42,-38.72,-62.27,43,0,13.69
176,Salalah,OM,1547938200,75.2,17.01,54.1,50,0,12.75
177,Athabasca,CA,1547940774,4.11,54.72,-113.29,83,88,11.23
179,Severo-Kurilsk,RU,1547940999,32.42,50.68,156.12,98,80,21.3
180,Nelson Bay,AU,1547938920,71.6,-32.72,152.14,94,90,13.87
181,Payette,US,1547939700,42.8,44.08,-116.93,85,90,3.36
183,Carutapera,BR,1547941008,77.87,-1.2,-46.02,93,48,5.97
185,Zwedru,LR,1547941012,70.62,6.07,-8.13,98,68,3.96
186,Victoria,BN,1547938800,78.8,5.28,115.24,94,75,10.78
187,Srednekolymsk,RU,1547941017,-39.09,67.46,153.71,83,0,2.39
188,Haines Junction,CA,1547941019,-8.22,60.75,-137.51,84,36,2.39
189,Biala Podlaska,PL,1547941021,21.35,52.03,23.12,83,76,5.53
191,Sokol,RU,1547941026,10.14,59.46,40.11,80,44,10.45
192,Chernyshevskiy,RU,1547941028,-0.17,63.01,112.47,83,68,3.96
193,Port Lincoln,AU,1547941030,70.94,-34.72,135.86,79,20,10.67
194,Kaeo,NZ,1547941033,78.54,-35.1,173.78,63,48,10.78
195,Yeppoon,AU,1547938800,80.6,-23.13,150.74,65,90,11.41
196,Caxias,BR,1547938800,78.8,-4.87,-43.35,88,90,4.7
197,Awbari,LY,1547941039,56.27,26.59,12.77,66,44,8.77
198,Suining,CN,1547941041,36.92,30.51,105.57,90,76,2.73
199,Acapulco,MX,1547938080,82.4,16.86,-99.88,74,90,4.7
200,Moose Factory,CA,1547938800,-22.01,51.26,-80.61,74,1,2.51
201,Hun,BE,1547940000,30.2,50.34,4.87,74,0,4.7
202,Mumbwa,ZM,1547941050,63.96,-14.99,27.06,91,36,5.08
204,Lumeje,AO,1547941055,66.48,-11.56,20.78,95,80,6.2
205,Tagusao,PH,1547941057,78.05,9.19,117.81,91,12,9.22
206,Tecpan,GT,1547938800,71.6,14.76,-90.99,64,20,11.41
207,Makakilo City,US,1547938620,82.04,21.35,-158.09,54,40,9.17
208,Barrow,AR,1547941064,72.29,-38.31,-60.23,51,0,14.25
209,Mar del Plata,AR,1547941066,83.27,-46.43,-67.52,24,0,20.29
210,Lorengau,PG,1547941068,80.3,-2.02,147.27,100,92,12.57
211,Ancona,US,1547939700,25.52,41.04,-88.87,77,90,14.99
212,Kajaani,FI,1547940000,-7.61,64.22,27.73,76,75,2.24
213,Doka,SD,1547941075,64.19,13.52,35.76,43,0,8.99
214,Cairns,AU,1547938800,77,-16.92,145.77,88,75,10.29
215,Grindavik,IS,1547938800,32,63.84,-22.43,92,40,8.05
216,Hami,CN,1547941082,14.82,42.84,93.51,73,68,1.61
217,Dwarka,IN,1547938800,51.8,28.58,77.04,81,40,2.51
218,Kamaishi,JP,1547938800,32,39.28,141.86,76,75,1.12
219,Kununurra,AU,1547938920,87.8,-15.77,128.74,74,0,2.24
220,Ishigaki,JP,1547938800,68,24.34,124.16,88,75,3.36
221,Ilulissat,GL,1547938200,6.8,69.22,-51.1,77,80,16.11
223,Blind River,CA,1547940900,-4.01,46.19,-82.96,66,1,6.64
224,Grodzisk Wielkopolski,PL,1547940600,17.6,52.23,16.36,92,0,1.12
225,Hay River,CA,1547939340,3.2,60.82,-115.79,65,90,10.29
226,Hithadhoo,MV,1547941104,79.35,-0.6,73.08,100,80,5.64
227,Mayo,CA,1547938800,-0.41,63.59,-135.9,84,90,2.62
228,Nagyhalasz,HU,1547941109,27.65,48.13,21.77,92,92,5.97
229,Aasiaat,GL,1547941111,13.52,68.71,-52.87,100,76,13.13
230,Norman Wells,CA,1547938800,-0.41,65.28,-126.83,64,75,11.41
231,Iqaluit,CA,1547938800,-20.21,63.75,-68.52,68,75,9.17
232,Poum,MK,1547941118,34.08,41.28,20.71,100,100,2.17
234,Ulaangom,MN,1547941122,-21.81,49.98,92.07,26,8,1.72
235,Tuktoyaktuk,CA,1547938800,1.4,69.44,-133.03,77,90,12.75
236,Luderitz,NA,1547941127,64.5,-26.65,15.16,53,0,21.3
237,Avera,US,1547939700,69.98,33.19,-82.53,48,75,13.87
239,Vilhena,BR,1547935200,77,-12.74,-60.15,83,0,10.29
240,Aykhal,RU,1547941136,-13.71,65.95,111.51,58,80,4.07
242,Kavaratti,IN,1547941140,81.2,10.57,72.64,100,0,3.4
243,Burnie,AU,1547941142,65.67,-41.05,145.91,93,0,16.15
244,Marfino,RU,1547938800,17.6,56.07,37.56,92,0,6.71
245,Araouane,ML,1547941147,48.8,18.9,-3.53,29,0,9.22
246,Altay,CN,1547941149,-14.43,47.83,88.13,36,0,2.51
247,Somma Lombardo,IT,1547940000,33.8,45.68,8.71,92,32,6.93
248,Saurimo,AO,1547941153,66.62,-9.66,20.4,92,92,2.62
249,Vila do Maio,CV,1547938800,69.8,15.13,-23.22,64,75,17.22
250,Jaisalmer,IN,1547941158,50.1,26.91,70.91,93,36,3.51
251,Harper,US,1547940900,57.02,30.3,-99.24,31,1,19.46
252,Carnarvon,ZA,1547941127,52.62,-30.97,22.13,38,0,12.46
253,Karratha,AU,1547941164,87.77,-20.74,116.85,47,0,5.19
254,Leningradskiy,RU,1547941167,-8.13,69.38,178.42,97,24,19.17
255,Baiyin,CN,1547938800,15.8,36.55,104.13,85,75,2.24
256,Nalut,LY,1547941171,36.51,31.86,10.98,81,0,4.52
257,Alice Springs,AU,1547938800,93.2,-23.7,133.88,24,0,10.29
259,Misratah,LY,1547941178,49.7,32.38,15.09,100,0,4.07
261,Shaowu,CN,1547941183,46.59,27.34,117.49,99,92,2.51
262,Dunedin,NZ,1547940981,63.24,-45.87,170.5,55,0,19.73
263,Te Anau,NZ,1547941187,52.71,-45.41,167.72,81,80,16.49
265,Sangar,RU,1547941191,-30.63,63.92,127.47,50,68,9.66
266,Moses Lake,US,1547939220,41,47.13,-119.28,88,40,3.36
268,Teguise,ES,1547938800,64.4,29.06,-13.56,63,75,6.93
269,Beloha,MG,1547941200,75.44,-25.17,45.06,89,32,3.06
270,La Rioja,AR,1547941202,75.75,-29.41,-66.86,56,64,7.43
271,Progreso,UY,1547938800,68,-34.68,-56.22,68,20,12.75
272,Morros,BR,1547938800,77,-2.87,-44.04,100,20,2.24
273,La Ronge,CA,1547938800,-23.81,55.1,-105.3,74,40,6.93
274,Tuatapere,NZ,1547941174,56.09,-46.13,167.69,100,92,25.77
275,Saint Anthony,US,1547938740,33.08,43.97,-111.68,91,90,6.93
276,Lavrentiya,RU,1547941163,1.68,65.58,-170.99,100,56,8.55
277,Nyurba,RU,1547941218,-14.07,63.29,118.35,63,80,2.62
278,Cherskiy,RU,1547941220,-29.91,68.75,161.3,50,24,4.41
279,Panevezys,LT,1547938200,32,55.73,24.35,92,90,16.11
280,Grand Gaube,MU,1547938800,77,-20.01,57.66,94,75,3.36
282,Sambava,MG,1547941229,75.44,-14.27,50.17,100,100,15.48
283,Comodoro Rivadavia,AR,1547938800,91.4,-45.87,-67.48,16,0,21.92
284,Akcakoca,TR,1547941234,29.99,41.09,31.12,92,32,3.18
285,Zeya,RU,1547941236,-22.98,53.74,127.27,64,0,2.06
286,Sturgeon Bay,US,1547939700,9.68,44.83,-87.38,72,1,9.17
287,Codrington,AU,1547938800,84.2,-28.95,153.24,61,75,5.82
288,Rio Tercero,AR,1547941243,65.45,-32.17,-64.11,61,0,11.79
291,Maureni,RO,1547940600,39.2,45.4,21.5,60,75,17.22
292,Laguna,MX,1547938980,82.4,27.52,-110.01,28,5,13.87
293,Opuwo,NA,1547941254,65.04,-18.06,13.84,55,20,3.96
294,Souillac,FR,1547938800,44.6,45.6,-0.6,93,90,3.4
295,Leshukonskoye,RU,1547941258,9.24,64.9,45.76,83,76,3.96
296,Petropavlovsk-Kamchatskiy,RU,1547938800,33.8,53.05,158.65,86,90,6.71
297,Sterling,US,1547940480,39.02,39,-77.4,100,90,6.93
298,Vila Velha,BR,1547938800,78.8,-3.71,-38.6,94,40,5.82
299,Tocopilla,CL,1547941267,69,-22.09,-70.2,82,8,6.08
300,Puerto Madryn,AR,1547941269,79.62,-42.77,-65.04,39,0,22.53
301,Ponta do Sol,BR,1547941170,71.07,-20.63,-46,86,36,2.95
302,Toora-Khem,RU,1547941191,-16.19,52.47,96.11,41,32,2.17
303,Kathu,ZA,1547941276,61.98,-27.7,23.05,14,0,15.14
304,Hofn,IS,1547941278,39.12,64.25,-15.21,100,8,23.87
305,Khandbari,NP,1547941280,16.44,27.38,87.21,38,0,1.61
306,Eureka,US,1547938920,59,40.8,-124.16,96,90,3.36
307,Nueva Imperial,CL,1547938800,62.6,-38.75,-72.95,72,0,10.29
308,Tasiilaq,GL,1547938200,24.8,65.61,-37.64,73,8,1.12
309,Vegreville,CA,1547941226,6.18,53.5,-112.05,83,92,9.44
310,Coahuayana,MX,1547941292,78.09,18.62,-100.35,35,56,2.06
311,Geraldton,CA,1547938800,-16.61,49.72,-86.95,62,20,3.36
312,Bar Harbor,US,1547938560,12.92,44.39,-68.2,50,90,9.17
313,Rota,ES,1547938800,59,36.62,-6.36,93,75,12.75
314,Margate,AU,1547938800,71.6,-43.03,147.26,43,75,10.29
315,Vila Franca do Campo,PT,1547938800,57.2,37.72,-25.43,76,20,6.93
316,Nhulunbuy,AU,1547938800,82.4,-12.18,136.78,88,75,10.29
317,Shimanovsk,RU,1547941308,-12.59,52,127.67,77,24,5.08
318,Madang,PG,1547941311,74.27,-5.21,145.81,100,92,4.97
319,Teknaf,BD,1547941313,55.5,20.86,92.31,91,0,4.52
320,Empangeni,ZA,1547941315,66.8,-28.75,31.9,98,92,15.14
321,Nome,US,1547939700,46.94,30.04,-94.42,56,40,16.11
322,Coronado,PA,1547938800,84.2,8.53,-79.9,62,20,13.87
324,Ust-Nera,RU,1547941270,-61.05,64.57,143.24,0,8,1.95
325,Isangel,VU,1547941326,78.18,-19.55,169.27,100,92,17.6
326,Banda Aceh,ID,1547941328,74.94,5.56,95.32,98,24,4.97
327,Banjar,ID,1547941331,74.49,-7.37,108.54,95,48,2.39
328,Marquette,US,1547938560,8.6,46.54,-87.4,78,90,8.05
329,Huarmey,PE,1547941228,70.85,-10.07,-78.15,71,36,3.62
330,Cullman,US,1547940120,57.92,34.17,-86.84,83,90,8.05
331,Manaus,BR,1547938800,75.2,-3.13,-59.98,94,75,4.7
332,Matagami,NG,1547941341,60.5,9.67,8.4,69,0,0.38
334,Santa Isabel do Rio Negro,BR,1547941346,75.8,-0.41,-65.02,97,32,1.5
335,Shelburne,CA,1547939160,6.8,44.08,-80.2,77,90,6.93
336,Ecoporanga,BR,1547941350,80.97,-18.37,-40.83,53,0,13.24
337,Hasaki,JP,1547940600,35.6,35.73,140.83,64,75,3.36
338,Clyde River,CA,1547938800,-22.01,70.47,-68.59,74,40,2.24
339,Revelstoke,CA,1547938800,37.4,50.99,-118.19,86,75,2.24
340,Pitimbu,BR,1547938800,78.8,-7.47,-34.81,83,0,9.17
341,Sitka,US,1547941361,26.16,37.17,-99.65,64,0,7.2
342,Tyrma,RU,1547941364,-11.1,50.04,132.17,70,44,2.95
343,Mareeba,AU,1547938800,77,-16.99,145.42,88,75,10.29
345,Shingu,JP,1547938800,53.6,33.72,135.99,71,75,3.36
346,Faanui,PF,1547941372,83.13,-16.48,-151.75,100,24,12.57
347,Rosetta,EG,1547938800,53.6,31.4,30.42,81,0,5.08
348,The Valley,AI,1547938800,77,18.22,-63.06,69,20,8.05
349,Pendleton,US,1547940120,57.02,34.65,-82.78,100,90,5.82
350,Santa Ines,EC,1547938800,57.2,-0.82,-78.63,71,75,14.99
351,Bom Jardim,BR,1547941384,77.01,-7.8,-35.59,82,88,5.97
352,Fairbanks,US,1547940360,1.04,64.84,-147.72,84,90,3.18
353,Ternate,PH,1547938800,78.8,14.29,120.72,74,40,2.24
354,Ozernovskiy,RU,1547941391,29.58,51.5,156.52,95,76,11.45
355,Khovu-Aksy,RU,1547941393,-22.53,51.13,93.72,57,48,2.39
356,Waterloo,CA,1547939940,8.6,43.47,-80.52,77,90,13.87
357,Porosozero,RU,1547941398,9.06,62.72,32.71,83,24,2.62
360,Prince Albert,CA,1547938800,-13.01,53.2,-105.75,69,90,13.87
361,Doha,QA,1547940600,57.2,25.29,51.53,54,0,9.17
362,Ostrovnoy,RU,1547941409,-12,68.05,39.51,75,8,2.73
363,Kastamonu,TR,1547936940,23,41.38,33.78,100,8,4.52
364,San Ramon,NI,1547941413,67.38,12.92,-85.84,80,0,1.72
365,Kuytun,RU,1547941416,12.21,54.34,101.51,65,24,5.75
366,Sattahip,TH,1547938800,73.4,12.67,100.9,83,20,2.24
367,Karuzi,BI,1547941420,58.47,-3.1,30.16,98,80,3.18
368,Yaan,NG,1547941422,74.94,7.38,8.57,46,0,7.2
369,Svetlogorsk,RU,1547938800,17.6,53.14,59.15,85,75,6.71
370,Meulaboh,ID,1547941427,76.47,4.14,96.13,100,68,5.08
371,Sicamous,CA,1547938800,37.4,50.84,-118.99,86,75,2.24
372,Arman,RU,1547941190,-7.32,59.7,150.17,58,92,4.63
373,Qaqortoq,GL,1547938200,17.6,60.72,-46.03,85,32,12.68
374,Kharp,RU,1547941436,-16.05,66.82,65.8,47,0,2.95
375,Abiramam,IN,1547938800,69.8,9.44,78.44,73,40,8.77
376,Honningsvag,NO,1547941440,18.15,70.98,25.97,100,0,9.22
377,Caluquembe,AO,1547941442,55.37,-13.78,14.68,81,32,2.51
378,Berlevag,NO,1547941445,17.07,70.86,29.09,100,44,10.45
380,Sao Filipe,CV,1547941231,71.7,14.9,-24.5,95,8,16.82
381,Brebeni,RO,1547938800,32,44.36,24.45,92,90,13.87
382,Goderich,CA,1547941392,10.37,43.74,-81.71,99,44,15.59
383,Buluang,PH,1547938800,78.8,10.47,123.98,78,90,6.93
384,Verkhoyansk,RU,1547941458,-55.02,67.55,133.39,0,36,2.51
385,San Patricio,PY,1547941460,73.77,-26.98,-56.83,74,88,6.76
386,Pisco,PE,1547938800,71.6,-13.71,-76.2,30,0,13.87
387,Kokopo,PG,1547941464,77.46,-4.34,152.27,100,92,11.45
388,Galle,US,1547938560,59,29.74,-97.91,28,1,17.22
389,Kaitong,CN,1547941469,3.75,44.81,123.15,54,12,11.79
390,Nanortalik,GL,1547941471,25.98,60.14,-45.24,94,24,8.43
391,Corn Island,NI,1547941192,80.88,12.17,-83.04,97,0,10.67
392,San Quintin,PH,1547941476,67.52,17.54,120.52,81,0,3.06
393,Hervey Bay,AU,1547938800,82.4,-25.3,152.85,61,75,16.11
394,Tessalit,ML,1547941480,46.5,20.2,1.01,22,0,9.44
395,Launceston,AU,1547938800,68,-41.43,147.14,52,0,9.17
396,Chuy,UY,1547941484,66.3,-33.69,-53.46,81,48,13.47
397,Taltal,CL,1547941301,65.76,-25.41,-70.49,77,32,2.17
398,Auki,NG,1547941489,66.03,12.18,6.51,40,12,4.52
399,Waipawa,NZ,1547941491,70.17,-39.94,176.59,57,0,18.72
400,Saint-Georges,CA,1547941494,-1.47,46.12,-70.67,45,76,2.95
401,Kamphaeng Phet,TH,1547941293,71.61,16.47,99.53,84,88,4.52
402,Sao Joao da Barra,BR,1547941498,81.2,-21.64,-41.05,96,12,28.57
403,Cassilandia,BR,1547941500,71.97,-19.11,-51.73,86,44,10.11
404,Nuuk,GL,1547938200,19.4,64.17,-51.74,92,80,14.99
405,Mizdah,LY,1547941505,30.44,31.45,12.98,76,0,2.73
406,Ranong,TH,1547938800,75.2,9.96,98.62,88,40,5.41
408,Omsukchan,RU,1547941511,-30.9,62.53,155.8,47,76,3.51
409,Richards Bay,ZA,1547941514,66.8,-28.77,32.06,98,92,15.14
410,Maua,KE,1547941516,53.07,0.23,37.94,76,0,2.39
411,Palafrugell,ES,1547938800,37.4,41.92,3.16,100,0,4.7
412,Coquimbo,CL,1547938800,64.4,-29.95,-71.34,72,20,11.41
413,Malindi,KE,1547941522,78.9,-3.22,40.12,91,0,12.46
414,Tres Passos,BR,1547941525,71.16,-27.46,-53.93,88,12,7.09
415,Casalmaggiore,IT,1547940000,33.8,44.99,10.42,100,75,3.36
417,Kysyl-Syr,RU,1547941531,-27.75,63.9,122.77,43,76,10.67
418,Mehriz,IR,1547938800,30.2,31.58,54.44,86,0,2.24
419,Langsa,ID,1547941536,69.05,4.47,97.97,89,20,2.62
420,Krasnogvardeyskiy,RU,1547941538,18.02,57.38,62.32,85,80,4.97
421,Cervo,BR,1547941540,68.01,-22.19,-46.24,94,44,2.62
422,Chulym,RU,1547941543,12.35,55.09,80.97,79,8,11.45
423,Dhuburi,IN,1547941545,48.17,26.03,89.97,76,0,2.62
424,Quesnel,CA,1547938800,41,52.98,-122.49,60,1,5.82
425,Bukachacha,RU,1547941283,-2.87,52.99,116.91,68,0,2.95
426,Ketou,BJ,1547941551,75.48,7.36,2.6,83,12,7.09
427,Amapa,HN,1547938800,80.6,15.09,-87.97,78,20,11.41
428,Lithgow,AU,1547938800,71.6,-33.48,150.16,83,90,5.82
429,Tarabuco,BO,1547941558,54.47,-19.18,-64.92,99,92,2.95
430,Jasper,US,1547939700,57.92,33.83,-87.28,93,68,18.34
431,Emerald,AU,1547938800,82.4,-23.53,148.16,51,0,16.11
432,Lucapa,AO,1547941565,65.99,-8.42,20.74,95,80,2.51
433,Esqueda,MX,1547941567,58.2,30.72,-109.59,19,0,6.76
434,Jablah,SY,1547941569,38.13,35.36,35.93,100,44,5.08
435,Flin Flon,CA,1547938800,-23.81,54.77,-101.88,67,20,4.18
437,Shache,CN,1547941576,20.85,38.42,77.24,94,88,3.4
439,Ararangua,BR,1547941580,73.55,-28.93,-49.49,100,92,15.14
440,Tarakan,ID,1547941583,81.42,3.3,117.63,95,76,3.18
441,Honiara,SB,1547941585,81.78,-9.43,159.96,88,64,3.18
442,Ihosy,MG,1547941587,67.74,-22.4,46.13,98,92,2.73
443,San Cristobal,EC,1547938800,66.2,-0.39,-78.55,59,40,9.17
444,Tamandare,BR,1547941592,76.79,-8.28,-70.75,93,20,2.17
446,Dhidhdhoo,MV,1547941597,79.35,6.88,73.1,100,0,3.18
447,Puerto Escondido,MX,1547937600,82.4,15.86,-97.07,69,75,3.74
449,Bodden Town,KY,1547938800,80.6,19.28,-81.25,83,40,9.17
450,Hanmer Springs,NZ,1547941605,60.27,-42.52,172.83,56,0,14.47
451,Bubaque,GW,1547941608,78.18,11.28,-15.83,98,0,13.13
453,Khartoum,SD,1547940600,66.2,15.59,32.54,15,0,8.05
454,Tchibanga,GA,1547941614,73.5,-2.92,11,100,92,2.39
455,Ust-Omchug,RU,1547941355,-34.46,61.13,149.63,57,88,3.4
456,Vestmannaeyjar,IS,1547941619,35.39,63.44,-20.27,100,68,13.58
457,Benguela,AO,1547941621,75.62,-12.58,13.4,100,32,4.41
458,Usinsk,RU,1547941623,-5.25,66,57.56,68,56,3.18
459,Svetlaya,RU,1547941625,14.1,46.54,138.33,100,64,8.1
460,Port Keats,AU,1547941628,87.27,-14.25,129.55,93,0,5.19
461,Molteno,ZA,1547941630,46.19,-31.4,26.36,64,0,8.21
462,Beyneu,KZ,1547941632,10.1,45.32,55.19,82,36,5.41
463,Halifax,CA,1547938800,10.4,44.65,-63.58,55,90,9.17
464,Zyryanovsk,KZ,1547941637,0.02,49.74,84.27,60,32,2.06
466,Glendive,US,1547939700,17.96,47.11,-104.71,84,90,11.41
467,Kiama,AU,1547938800,69.8,-34.67,150.86,83,90,2.73
468,Naze,NG,1547938800,82.4,5.43,7.07,83,20,8.99
469,Taksimo,RU,1547941648,-2.51,56.36,114.84,43,44,1.5
470,Kargasok,RU,1547941650,18.6,59.06,80.87,84,56,5.08
471,Mount Isa,AU,1547938800,95,-20.73,139.49,28,0,9.17
472,Aranos,NA,1547941655,68.28,-24.14,19.11,14,0,11.23
473,Santa Cruz,US,1547940000,69.98,36.97,-122.03,64,1,1.05
474,Jijiga,ET,1547941660,38.99,9.35,42.8,81,0,1.39
475,Mahenge,TZ,1547941662,70.94,-8.68,36.72,99,100,2.73
476,Mayna,RU,1547941665,-5.52,53,91.49,64,20,1.95
477,Dibulla,CO,1547938800,82.4,11.27,-73.31,74,0,9.17
478,Riyadh,SA,1547938800,42.8,24.63,46.72,56,0,2.39
479,Novo Aripuana,BR,1547941413,74.58,-5.12,-60.38,100,68,2.06
480,Ruidoso,US,1547939700,55.4,33.33,-105.67,19,1,14.99
481,Juneau,US,1547938560,32,58.3,-134.42,74,75,3.36
482,Sistranda,NO,1547938200,30.2,63.73,8.83,80,75,20.8
483,Nichinan,JP,1547938800,60.8,31.65,131.31,77,40,12.75
484,Utinga,BR,1547938800,82.4,-5.82,-35.4,78,40,8.05
485,Kasane,BW,1547941685,69.54,-17.8,25.16,90,92,3.96
486,Terrace Bay,CA,1547941598,-3.86,48.78,-87.1,100,8,13.58
487,Kilinochchi,LK,1547941689,77.01,9.4,80.4,97,92,13.24
488,Osmaniye,TR,1547941692,30.03,37.07,36.26,89,24,3.06
489,Seymchan,RU,1547941694,-42.74,62.93,152.39,98,48,2.17
490,Kerman,IR,1547938800,23,30.29,57.06,49,0,2.24
491,Ateptsevo,RU,1547940600,15.8,55.32,36.75,85,90,6.71
492,Kutum,SD,1547941701,49.02,14.2,24.66,65,8,3.4
493,Ekhabi,RU,1547941703,-2.37,53.51,142.97,84,0,17.49
494,Dicabisagan,PH,1547941705,73.68,17.08,122.42,100,100,10
495,Tacuarembo,UY,1547941707,66.21,-31.73,-55.98,78,48,14.7
496,Itarema,BR,1547941638,77.69,-2.92,-39.92,93,76,5.53
497,Jacareacanga,BR,1547941712,80.52,-6.22,-57.76,81,20,3.74
498,Ayr,GB,1547940000,35.6,55.46,-4.63,93,75,3.36
499,Bastia,IT,1547940000,42.8,44.6,8.98,60,40,10.29
500,Villamontes,BO,1547941718,66.21,-21.26,-63.47,87,56,2.39
501,Birao,CF,1547941720,62.7,10.3,22.78,44,0,7.09
502,Garowe,SO,1547941723,62.39,8.41,48.48,96,0,7.2
504,Niquero,CU,1547941727,79.08,20.04,-77.58,94,0,13.24
505,Volkhov,RU,1547941729,19.05,59.92,32.34,86,48,7.54
506,Sechura,PE,1547941732,76.38,-5.56,-80.82,73,0,11.45
507,Bintulu,MY,1547938800,73.4,3.17,113.03,100,75,4.7
508,Nerchinskiy Zavod,RU,1547941736,-6.11,51.31,119.61,53,24,2.73
510,Anito,PH,1547941741,77.46,12.45,125.29,100,92,25.88
511,Saint Andrews,NZ,1547941743,65.22,-44.53,171.19,73,8,14.25
512,Firminopolis,BR,1547941745,76.65,-16.58,-50.3,73,44,3.74
513,Thinadhoo,MV,1547941747,80.84,0.53,72.93,100,100,9.55
514,Islahiye,TR,1547938200,30.2,37.03,36.63,86,0,4.7
517,Ukiah,US,1547940480,57.02,39.15,-123.21,86,90,6.93
518,Tilichiki,RU,1547941758,22.65,60.47,166.1,81,88,6.98
519,Kimberley,ZA,1547938800,60.8,-28.74,24.76,17,0,5.82
520,Ninotsminda,GE,1547940600,5,41.27,43.59,77,8,2.24
521,Bungoma,KE,1547941765,56.58,0.57,34.56,87,0,4.63
522,Muros,ES,1547938800,48.2,42.77,-9.06,100,75,6.93
523,Neepawa,CA,1547938800,-13.01,50.23,-99.46,62,75,9.17
525,Teya,MX,1547937900,84.2,21.05,-89.07,51,40,11.41
526,Ponta Delgada,PT,1547938800,57.2,37.73,-25.67,76,20,6.93
528,Rawson,AR,1547941780,88.4,-43.3,-65.11,12,0,12.12
529,Champerico,MX,1547937960,93.2,16.38,-93.6,23,20,14.99
531,Nizhniy Odes,RU,1547941787,13.83,63.64,54.86,84,80,3.74
532,Swellendam,ZA,1547938800,53.6,-34.02,20.44,66,0,2.24
533,Trincomalee,LK,1547941779,72.74,8.58,81.23,81,80,5.75
534,Baishishan,CN,1547941794,-0.26,43.58,127.55,72,36,6.53
535,Puerto del Rosario,ES,1547940600,64.4,28.5,-13.86,63,90,10.29
536,Jinxiang,CN,1547941798,18.47,35.07,116.31,67,0,4.74
537,Elliot,ZA,1547941800,37.95,-31.33,27.85,93,0,2.17
538,Hokitika,NZ,1547941803,59.19,-42.72,170.96,94,92,17.27
539,Yulara,AU,1547938800,84.2,-25.24,130.99,30,48,12.75
540,Lishui,CN,1547941807,43.44,28.45,119.91,100,88,2.39
541,Anadyr,RU,1547940600,-7.61,64.73,177.51,76,0,11.18
542,Donskoye,RU,1547940600,37.4,45.45,41.98,69,40,11.18
543,Shumskiy,RU,1547941814,21.93,54.83,99.13,49,8,6.53
544,Namatanai,PG,1547941816,79.98,-3.66,152.44,100,92,13.58
545,Fukue,JP,1547940600,42.8,35.03,136.69,81,75,12.75
546,Raudeberg,NO,1547940000,28.4,61.99,5.14,86,12,8.05
547,Medea,DZ,1547938800,39.2,36.27,2.77,93,40,3.06
548,Kapuskasing,CA,1547938800,-16.61,49.42,-82.43,75,40,2.24
549,Portales,US,1547938680,53.06,34.19,-103.33,23,1,6.93
550,Mezen,RU,1547941830,-4.17,65.85,44.24,78,0,4.07
551,Muzhi,RU,1547941832,-9.89,65.4,64.7,52,0,4.63
552,Fort Nelson,CA,1547938800,-2.21,58.81,-122.69,77,75,2.24
553,Deputatskiy,RU,1547941607,-63.57,69.3,139.9,0,0,2.51
554,Tabuk,PH,1547941839,63.02,17.41,121.44,95,8,0.49
555,Nkowakowa,ZA,1547938800,59,-23.89,30.29,82,90,18.34
556,Policoro,IT,1547938500,41,40.21,16.68,100,5,8.05
557,Samarai,PG,1547941734,77.87,-10.62,150.67,100,92,10.56
558,Esperance,TT,1547938800,77,10.24,-61.45,78,20,4.7
559,Kadoma,ZW,1547941851,72.6,-18.34,29.91,71,20,13.47
560,Atar,MR,1547941853,50.55,20.52,-13.05,45,0,7.09
561,Hirara,JP,1547938800,71.6,24.8,125.28,77,75,5.82
562,Mehamn,NO,1547941857,16.94,71.03,27.85,84,76,7.99
563,Maniitsoq,GL,1547941860,17.57,65.42,-52.9,100,80,7.99
564,Ballina,IE,1547941862,39.12,54.11,-9.15,100,64,2.73
566,Luba,PH,1547941866,67.52,17.32,120.7,81,0,3.06
567,Holoby,UA,1547941868,20.13,51.09,25.02,74,68,3.18
568,Juba,EE,1547938200,30.2,57.82,26.93,92,88,16.11
569,Emirdag,TR,1547941873,25.71,39.02,31.15,89,80,2.95
570,Yenotayevka,RU,1547941875,36.78,47.24,47.04,94,88,12.24
571,Eyl,SO,1547941878,71.3,7.98,49.82,100,0,14.58
572,Alta Gracia,AR,1547938800,68,-31.66,-64.43,72,20,6.93
574,Severodvinsk,RU,1547940600,3.2,64.56,39.82,84,75,8.95
575,Ila,NO,1547940000,30.2,63.43,10.37,92,75,11.41
576,Narrabri,AU,1547938800,95,-30.33,149.78,23,92,18.34
577,Pomabamba,PE,1547941756,51.54,-8.82,-77.46,62,76,1.72
578,Joshimath,IN,1547941893,-1.02,30.57,79.57,100,32,1.05
579,Lebane,RS,1547940600,32,42.92,21.74,93,40,2.24
580,Santa Isabel,CO,1547941898,67.29,4.71,-75.1,84,12,1.72
582,Susanville,US,1547940900,51.8,40.42,-120.65,71,90,3.36
584,Nemuro,JP,1547940600,15.8,43.32,145.57,72,75,3.36
586,Kjollefjord,NO,1547941621,16.94,70.95,27.35,84,76,7.99
587,Vao,EE,1547941916,25.62,59.1,26.19,85,68,16.15
588,College,US,1547940360,1.94,64.86,-147.8,84,90,3.18
589,Kawalu,ID,1547941920,69.45,-7.38,108.21,94,68,1.5
590,Sarkand,KZ,1547941922,0.69,45.41,79.91,49,8,2.06
591,Boende,CD,1547941924,68.82,-0.28,20.88,100,48,2.73
592,Takab,IR,1547941927,-2.01,36.4,47.11,56,0,2.06
593,Esna,RO,1547941929,29.45,45.2,27.57,96,92,7.99
594,Sinegorye,RU,1547941742,-32.12,62.09,150.53,49,56,1.95
595,Brownwood,US,1547939700,50,31.71,-98.99,36,1,17.22
596,Xai-Xai,MZ,1547941935,76.79,-25.04,33.64,97,88,38.41
597,Luwingu,ZM,1547941938,61.85,-10.26,29.92,100,92,4.52
598,Borovsk,RU,1547940600,15.8,55.21,36.48,85,90,6.71
599,Mbigou,GA,1547941942,69.5,-1.9,11.91,98,76,2.73
600,Bayan,MN,1547941946,-6.92,47.25,107.54,51,0,9.22
601,Bogorodskoye,RU,1547941948,-12.99,52.37,140.44,60,0,3.06
602,Izhma,RU,1547941950,1.37,65.01,53.91,70,68,2.95
603,Monrovia,LR,1547940600,77,6.33,-10.8,94,20,4.18
604,Puerto Rondon,CO,1547941955,89.52,6.28,-71.1,40,80,9.1
605,Madimba,CM,1547938800,78.8,4.42,9.93,100,75,2.24
607,Labytnangi,RU,1547941962,-14.61,66.66,66.39,44,0,3.18
608,Tura,IN,1547941689,48.17,25.52,90.21,76,0,2.62
609,Guaraniacu,BR,1547941966,73.41,-25.1,-52.88,91,56,2.06
610,Monte Patria,CL,1547941968,63.33,-30.69,-70.96,86,8,1.61
611,Flinders,AU,1547940600,69.8,-34.58,150.85,83,90,3.36
612,Dubbo,AU,1547938800,84.2,-32.25,148.6,51,12,18.34
613,Tadine,NC,1547941975,78.32,-21.55,167.88,97,80,19.06
614,Tawang,BT,1547941977,22.2,27.59,91.87,62,0,1.39
615,Natal,BR,1547938800,82.4,-5.81,-35.21,78,20,9.17
616,Baley,RU,1547941982,-8.27,51.58,116.65,59,0,3.74
617,Xinxiang,CN,1547941984,17.07,35.3,113.88,60,0,3.74
618,Kattivakkam,IN,1547940600,69.8,13.22,80.32,88,20,2.24
619,Mastung,PK,1547941989,43.8,29.8,66.85,98,92,7.54
620,Kasongo-Lunda,CD,1547941991,70.4,-6.48,16.82,97,76,2.06
621,Kotido,UG,1547941993,62.7,3.01,34.12,71,12,3.96
622,Sao Sebastiao do Paraiso,BR,1547941995,73.14,-20.92,-46.99,76,36,2.62
623,Luanda,AO,1547938800,78.8,-8.83,13.24,83,20,2.24
624,Rudnogorsk,RU,1547942000,20.13,57.27,103.75,75,80,8.77
625,Moyale,ET,1547942002,63.65,3.52,39.05,61,0,5.97
626,Ankang,CN,1547941734,23.28,32.73,108.99,60,76,1.95
627,Castlemaine,IE,1547941904,45.33,52.17,-9.7,100,92,8.99
628,Wairoa,NZ,1547942009,78.72,-39.04,177.43,60,0,10.45
629,Artyom,RU,1547940600,1.4,43.36,132.19,77,0,4.47
630,Xiuyan,CN,1547942013,11.54,40.29,123.27,44,0,10.78
631,Batagay-Alyta,RU,1547942016,-48,67.8,130.41,0,48,2.62
632,Tashla,RU,1547940600,28.4,53.71,49.75,92,90,8.95
633,Soyo,AO,1547942020,76.38,-6.13,12.37,97,32,3.4
634,Tautira,PF,1547940600,89.6,-17.73,-149.15,62,40,12.75
635,Khatassy,RU,1547940600,-49.01,61.91,129.64,63,36,4.47
636,Orbetello,IT,1547938500,39.2,42.44,11.21,86,0,4.7
637,Mankono,CI,1547942029,74.13,8.06,-6.19,64,56,5.75
638,Tres Arroyos,AR,1547942031,72.29,-38.38,-60.28,51,0,14.25
639,Port Blair,IN,1547940600,75.2,11.67,92.75,94,75,5.82
640,Dulce Nombre de Culmi,HN,1547942036,67.29,15.08,-85.56,98,68,2.06
642,Kaliua,TZ,1547942041,64.86,-5.06,31.79,98,92,2.06
643,Sioux Lookout,CA,1547938800,-14.81,50.1,-91.92,75,5,4.7
644,Daokou,CN,1547942045,8.57,35.61,105.12,76,88,3.62
645,Tahoua,NE,1547942047,63.29,14.89,5.26,69,12,2.51
646,Strezhevoy,RU,1547940600,19.4,60.73,77.6,85,75,13.42
647,Jalu,LY,1547942052,48.75,29.03,21.55,41,80,2.73
648,Sur,OM,1547942054,70.26,22.57,59.53,100,0,8.99
649,Awjilah,LY,1547942056,53.39,29.14,21.3,37,88,2.73
650,Ust-Tsilma,RU,1547942058,-3.86,65.44,52.15,77,64,2.95
651,Buala,SB,1547942061,84.21,-8.15,159.59,91,44,3.51
653,Povenets,RU,1547942065,11.76,62.85,34.83,80,68,4.41
656,Bosaso,SO,1547942071,73.95,11.28,49.18,100,100,6.42
657,Limbang,BN,1547940600,80.6,4.75,115.01,94,75,3.36
658,Milkovo,BG,1547940600,37.4,41.53,24.68,100,90,4.7
659,Belyy,RU,1547942078,20.67,55.83,32.94,88,44,13.47
661,Praxedis Guerrero,MX,1547938680,57.92,31.37,-106.02,19,1,6.93
662,Smiltene,LV,1547942085,29.54,57.42,25.9,96,80,13.13
663,Sheopur,IN,1547942087,46.77,25.67,76.7,79,8,2.73
664,Krumbach,DE,1547940000,17.6,48.24,10.36,92,40,2.17
665,Fray Bentos,AR,1547942092,71.07,-33.12,-58.31,62,8,10.56
666,Luang Prabang,LA,1547942094,55.5,19.89,102.14,100,76,2.06
667,Lynn Haven,US,1547940660,68,30.25,-85.65,93,90,23.04
668,Peniche,PT,1547938800,55.4,39.36,-9.38,93,90,17.22
669,Quatre Cocos,MU,1547938800,77,-20.21,57.76,94,75,3.36
670,Pidhaytsi,UA,1547942103,18.96,49.27,25.13,90,88,9.1
671,Khotynets,RU,1547942105,22.38,53.13,35.4,90,76,12.68
672,Inhambane,MZ,1547942107,76.02,-23.87,35.38,100,92,34.61
673,Ocampo,PH,1547942110,76.79,13.56,123.37,96,92,15.7
674,Great Yarmouth,GB,1547940000,28.4,52.61,1.73,92,0,2.24
675,Marawi,PH,1547942114,69.63,8,124.29,97,88,2.51
676,Isiro,CD,1547942116,69.36,2.77,27.62,83,0,2.39
677,Henties Bay,NA,1547941887,62.43,-22.12,14.28,100,0,5.41
678,Ratnagiri,IN,1547942121,75.57,16.98,73.3,100,8,7.43
679,Ucluelet,CA,1547938800,50,48.94,-125.55,71,40,9.17
680,Fare,PF,1547942126,84.12,-16.7,-151.02,98,80,13.13
681,Ler,NO,1547940000,30.2,63.2,10.3,92,75,11.41
682,Lerwick,GB,1547940000,42.8,60.15,-1.15,81,92,12.75
684,Altamont,CA,1547940900,-13.01,49.4,-98.5,69,24,5.82
685,Ariquemes,BR,1547942137,76.92,-9.91,-63.03,93,80,2.06
686,Zaraza,VE,1547942139,81.02,9.35,-65.33,56,0,14.7
687,Wanning,AT,1547940000,24.8,48.64,13.53,73,75,5.82
688,Lagdo,CM,1547942144,67.52,9.06,13.67,71,0,2.73
689,Miles City,US,1547938380,21.02,46.41,-105.84,77,1,12.75
690,Inza,RU,1547942148,17.16,53.86,46.36,83,68,7.09
691,Bandarbeyla,SO,1547942150,75.8,9.49,50.81,100,92,14.03
692,Broome,GB,1547940000,32,52.47,1.45,92,8,2.24
693,Lichtenburg,ZA,1547942155,57.39,-26.15,26.16,30,0,7.09
695,Matara,PE,1547942159,50.73,-13.74,-72.9,59,20,1.95
696,Banyo,CM,1547942162,61.89,6.75,11.81,56,20,2.62
697,Hambantota,LK,1547942164,74.67,6.12,81.12,100,32,9.1
698,Chimoio,MZ,1547938800,73.4,-19.11,33.48,94,75,6.93
699,Mingyue,CN,1547942168,6,43.11,128.91,54,32,9.44
700,Ancud,CL,1547938800,68,-41.87,-73.83,64,92,5.82
701,Narva-Joesuu,EE,1547942173,24.27,59.46,28.04,73,0,11.23
702,Nisia Floresta,BR,1547938800,82.4,-6.09,-35.21,78,20,9.17
703,Igurubi,TZ,1547942177,63.6,-4,33.71,95,68,3.4
704,Sobolevo,RU,1547942181,19.82,54.43,31.9,83,32,11.68
705,Wolfsburg,DE,1547940000,26.6,52.42,10.79,92,40,3.36
707,Lamesa,US,1547940900,54.68,32.74,-101.95,25,1,5.82
708,Achit,RU,1547942190,21.57,56.8,57.9,92,80,9.55
709,Talnakh,RU,1547942192,-0.03,69.49,88.39,84,64,12.57
710,Hovd,NO,1547940000,30.2,63.83,10.7,92,75,11.41
711,Sebeta,ET,1547942196,38.58,8.91,38.62,83,0,2.51
712,Ndola,ZM,1547942199,62.39,-12.97,28.64,98,88,3.96
713,Port Macquarie,AU,1547940780,78.8,-31.43,152.91,83,90,6.93
714,Beira,ES,1547940600,51.8,43.2,-8.36,76,40,14.99
715,Santa Vitoria do Palmar,BR,1547942206,66.3,-33.52,-53.37,81,48,13.47
716,Aleksandrov Gay,RU,1547942208,30.66,50.14,48.57,93,32,12.8
717,Jinchang,CN,1547942210,12.03,38.52,102.19,85,80,2.62
718,Ostersund,SE,1547940000,19.4,63.18,14.64,85,0,16.11
719,Nouadhibou,MR,1547938800,60.8,20.93,-17.03,72,0,16.11
720,Senneterre,CA,1547938800,-25.61,48.39,-77.24,74,40,2.24
721,High Level,CA,1547938800,1.4,58.52,-117.13,84,75,12.75
722,Devrek,TR,1547942224,35.12,41.22,31.96,98,48,4.41
723,Glens Falls,US,1547941860,15.98,43.31,-73.64,82,90,5.82
724,Yerbogachen,RU,1547942233,13.25,61.28,108.01,79,80,9.1
725,Belaya Gora,RU,1547942235,-49.49,68.54,146.19,0,12,2.95
